ID,DOB
No.1,09/03,
No.2,08/25,
No.3,01/23,
No.4,12/28,
No.5,06/05,
No.6,10/04,
No.7,04/25,
No.8,01/26,
No.9,08/04,
No.10,06/26,
No.11,10/23,
No.12,11/09,
No.13,04/23,
No.14,09/21,
No.15,03/20,
No.16,09/26,
No.17,07/25,
No.18,12/07,
No.19,08/21,
No.20,11/18,
No.21,07/21,
No.22,09/22,
No.23,02/15,
No.24,01/30,
No.25,12/23,
No.26,10/24,
No.27,08/12,
No.28,02/13,
No.29,06/01,
No.30,11/04,
No.31,03/19,
No.32,11/26,
No.33,09/19,
No.34,07/23,
No.35,09/23,
No.36,02/13,
No.37,02/06,
No.38,08/31,
No.39,02/25,
No.40,06/20,
No.41,03/25,
No.42,01/17,
No.43,04/03,
No.44,11/04,
No.45,11/09,
No.46,04/13,
